"adolores@example.org","6","secret"
"aearum@example.net","40","secret"
"aeveniet@example.org","70","secret"
"aliquam02@example.org","63","secret"
"assumenda.ipsam@example.org","41","secret"
"aut_molestias@example.com","93","secret"
"aut.sequi@example.net","19","secret"
"aut.similique@example.org","42","secret"
"blanditiis.sint@example.net","138","secret"
"bmagnam@example.org","117","secret"
"bperferendis@example.net","130","secret"
"bperspiciatis@example.com","88","secret"
"bquibusdam@example.com","44","secret"
"consequatur.iure@example.net","112","secret"
"corporis_labore@example.org","49","secret"
"cvoluptatem@example.org","74","secret"
"ddicta@example.com","120","secret"
"ddolor@example.org","147","secret"
"distinctio_blanditiis@example.org","176","secret"
"dolor_inventore@example.com","170","secret"
"dolor.earum@example.org","46","secret"
"dolor67@example.com","90","secret"
"dolores45@example.org","1","secret"
"dolorum.qui@example.net","102","secret"
"ea76@example.org","54","secret"
"eaque.sunt@example.com","15","secret"
"eea@example.net","37","secret"
"eius_iusto@example.org","115","secret"
"est_maxime@example.com","167","secret"
"est_vitae@example.com","188","secret"
"est.eum@example.net","148","secret"
"est45@example.com","184","secret"
"est96@example.net","10","secret"
"et.et@example.org","164","secret"
"et15@example.net","212","secret"
"et82@example.com","173","secret"
"eum55@example.org","13","secret"
"ex_qui@example.com","77","secret"
"fad@example.net","141","secret"
"fuga72@example.net","123","secret"
"fugiat_non@example.org","66","secret"
"fugiat66@example.com","98","secret"
"id_rerum@example.net","133","secret"
"id.non@example.org","60","secret"
"illum.consequatur@example.net","105","secret"
"in97@example.com","34","secret"
"ipsum.non@example.org","111","secret"
"itaque.repudiandae@example.org","114","secret"
"iure.eum@example.org","204","secret"
"jad@example.org","186","secret"
"kea@example.com","125","secret"
"labore_sit@example.net","198","secret"
"laudantium_at@example.org","209","secret"
"loccaecati@example.com","108","secret"
"magnam.voluptatem@example.net","152","secret"
"modi35@example.com","38","secret"
"nam18@example.org","24","secret"
"nihil09@example.org","29","secret"
"non.tempora@example.org","202","secret"
"ocumque@example.net","18","secret"
"officia47@example.org","149","secret"
"omnis_nam@example.org","96","secret"
"otempore@example.com","109","secret"
"porro.iste@example.net","9","secret"
"quae_voluptatibus@example.com","161","secret"
"quaerat_amet@example.net","180","secret"
"quam.sit@example.com","200","secret"
"qui_dolores@example.com","21","secret"
"qui.commodi@example.com","4","secret"
"qui.id@example.org","157","secret"
"qui.qui@example.net","91","secret"
"qui04@example.org","67","secret"
"quia.non@example.com","187","secret"
"quia.reiciendis@example.net","27","secret"
"quis_quia@example.com","214","secret"
"quod.qui@example.org","195","secret"
"qvelit@example.net","158","secret"
"recusandae.modi@example.org","183","secret"
"reiciendis.qui@example.com","32","secret"
"reiciendis.qui@example.net","72","secret"
"reiciendis70@example.org","150","secret"
"ret@example.com","100","secret"
"rnatus@example.com","80","secret"
"sed_reiciendis@example.net","85","secret"
"smodi@example.com","127","secret"
"soluta46@example.net","151","secret"
"soluta55@example.com","51","secret"
"spossimus@example.com","61","secret"
"ua@example.org","144","secret"
"unde_quas@example.org","57","secret"
"ut.ducimus@example.com","82","secret"
"vdolore@example.com","179","secret"
"vero.assumenda@example.net","154","secret"
"voluptas_sapiente@example.org","136","secret"
"voluptatem_quia@example.com","17","secret"
"voluptates.qui@example.org","14","secret"
"vsint@example.net","189","secret"
"wblanditiis@example.com","192","secret"
"west@example.com","206","secret"
"zsunt@example.net","12","secret"
